[
    {
        "H1": "F.Y.B.com",
        "sub": "Application Process",
        "A1": "1. Application link is open after XII result of Maharashtra Board.",
        "A2": "2. Fill Application through BMCC website and submit online",
        "A3": "3. Display of overall list students on BMCC website.",
        "A4": "4. Display of Select List of students as per the merit in XII (We follow government rules and SPPU norms)Admission to F.Y.B.Com.",
        "A5": "5. Selected students get admission to F.Y.B.Com.",
        "A6": "6. Fill Admission Form.",
        "A7": "7. Verification and submission of Original Documents.",
        "A8": "8. Allotment of Division and Subject.",
        "A9": "9. Payment of Fees.",
        "A10": "10. Submission of Hard copy of Admission Form and Fee receipt."
    },
    {
        "H1": "F.Y.B.B.A. /FY BBA IB/FY BBA CA/FY BMS/F.Y.B.Com. Honours/F.y. B.Com. Fintech",
        "sub": "Application Process",
        "A1": "1. Application link opens after XII result of Maharashtra Board.",
        "A2": "2. Application to respective course using",
        "A3": "3. Fill Application form through BMCC website and submit online.(Mastersoft Portal)",
        "A4": "4. Display of Overall List students on BMCC website.",
        "A5": "5. Display of Select List of students as per the merit in XII (We follow government rules and SPPU norms).",
        "A6": "6. Selected students get admission to repective course subject to verification of documents.",
        "A7": "7. Fill Admission Form.",
        "A8": "8. Verification and submission of Original Documents.",
        "A9": "9. Payment of Fees.",
        "A10": "10. Submission of Hard copy of Admission Form and Fee receipt."
    },
    {
        "H1": "PGDIB/PGDBF/PG Diploma BIG Data Analytics",
        "sub": "Application Process",
        "A1": "1. Application link opens after graduation result of SPPU.",
        "A2": "2. Application to respective course using",
        "A3": "3. Fill Application form through BMCC website and submit online.(Mastersoft Portal)",
        "A4": "4. Display of Overall List students on BMCC website.",
        "A5": "5. Display of Select List of students as per the merit in Graduation (We follow government rules and SPPU norms).",
        "A6": "6. On verification of documents, selected students get admission to PGDIB.",
        "A7": "7. Fill Admission Form.",
        "A8": "8. Verification and submission of Original Documents.",
        "A9": "9. Payment of Fees.",
        "A10": "10. Submission of Hard copy of Admission Form and Fee receipt."
    }
]