[
    {
        "name": "Amey Wagh",
        "profession": "Actor",
        "image": "app/images/amey wagh.jpg",
        "quote": "BMCC and its Pitti Hall has a very special and sacred place in my heart. I owe a lot to this institution who shaped me into whatever I am."
    },
    {
        "name": "Alok Rajwade",
        "profession": "Actor",
        "image": "app/images/aalok-rajwade.webp",
        "quote": "Even after graduating many years ago, not a day goes by without feeling a sense of pride for BMCC, a deep sense of gratitude for BMCC"
    },
    {
        "name": "Siddharth Menon",
        "profession": "Actor",
        "image": "app/images/siddhart.webp",
        "quote": "There are so many take-aways from BMCC. So many of which have helped me get to this station of my career.this Nurtures me to do more."
    },
    {
        "name": "Prasad Oak",
        "profession": "Actor",
        "image": "app/images/Prasad Oak.jpg",
        "quote": "Every person has vivid memories of younger days, especially memories. BMCC are more about the evolution of this great institute"
    },
    {
        "name": "Ashutosh Agashe",
        "profession": "MD, BMSS",
        "image": "app/images/Ashutosh.jpg",
        "quote": "BMCC IS excellent in terms of giving practical knowledge base inputs to suit the industry requirement, infrastructure & facilities are good enough"
    },
    {
        "name": "Nipun Dharmadhikari",
        "profession": "Director",
        "image": "app/images/nipun.jpg",
        "quote": "BMCC is more than just about studies and curriculum, it's about growing your mind in a myriad of ways. It was beautiful and just blew my mind."
    },
    {
        "name": "Umesh Kulkarni",
        "profession": "Director",
        "image": "app/images/umesh.webp",
        "quote": "BMCC has played a valuable role in my educational path. This was the turning point of becoming a professionally developed person from a student."
    },
    {
        "name": "Sachin Kundalkar",
        "profession": "Director",
        "image": "app/images/kundalkar_sachin.jpg",
        "quote": "I feel the facilities and the faculty at the BMCC are very good, and the syllabus too is updated to current market scenarios. A deep sense of gratitude for the knowledge."
    },
    {
        "name": "Sayali Gokhale",
        "profession": "Badminton Player",
        "image": "app/images/sayali-gokhale.jpg",
        "quote": "It gives me immense pride to say that I've graduated from BMCC, Pune. Being from BMCC graduate-94 batch, a confidence of life and more than good teachers to learn from."
    },
    {
        "name": "Dnyaneshwar Agashe",
        "profession": "Cricketer",
        "image": "app/images/Dnyaneshwar.png",
        "quote": "The scenic beauty of the campus, the peace and serenity in the atmosphere, the multitude of students, the various educational institutions, the humongous sports ground,very much to experience and many more."
    },
    {
        "name": "Sulajja Motwani",
        "profession": "Vice Chairperson, KEL",
        "image": "app/images/Sulajja.jpg",
        "quote": "BMCC is the place where I discovered myself, expanded my horizons. I learned much more than business, much more than what the textbooks teach. BMCC is more about the evolution of this great institute."
    },
    {
        "name": "Mohan Joshi",
        "profession": "Actor",
        "image": "app/images/Mohan-Joshi.jpg",
        "quote": "With great institutional ambience and a great learning atmosphere, the four years which were spent at BMCC management department laid the foundation for my career and what I am today."
    }

]