[
    {
        "image": "app/images/astitva.png",
        "H1": "AstitvA",
        "Sub": "ASTITVA 2022",
        "Data": "Azadi ka Amrit Mahotsav- Celebrating 75 years of Independence. AstitvA, meaning existence, sheds light and life to Indian heritage, and has been doing it for 13 years. The heritage collective of BMCC organises AstitvA every year, and since its inception, the event never fails to stand out with its uniqueness by celebrating culture in an innovative and authentic style. After two years of being limited to virtuality in the Pandemic, Astitva 2022 celebrated the Azadi ka Amrit Mahotsav- 75 years of independence magnificently with the title sponsorship from Fleetguard Filtrum & IMDR and support from Heritage India like every year. The event not only saw virtual participation from India, but across the world - breaking geographical barriers - and has received a stupendous response of over 2386 entries. It included people from age 15 to 26 and above participating and showcasing their talent with boundless enthusiasm, proving that age is just a number. AstitvA's inauguration ceremony took place on 20th September at the hands of noted classical vocalist Mrs Arti Anklikar"
    },
    {
        "image": "app/images/PATRIOTIC EVENTS.jpg",
        "H1": "PATRIOTIC EVENTS",
        "Sub": "MILE SUR MERA TUMHARA",
        "Data": "A Cross - Cultural Activity was organized on 15 February, 2020 for the students of S.Y.Bcom by the Business Communication faculty which included Dr. Rajeshree Gokhale ,Dr. Kuchekar, Prof. Neetika Sharma. The number of student participants were around 520 . The students participated with full enthusiasm and portrayed various cultures from India and outside India through dance, mime, skit,poetry, presentation and food stalls. All the students got to experience skills such as leadership skills, management skills and communication skills. Everyone present there got to learn about the various cultures which were showcased by the students. The spirit of togetherness was very well exhibited by the students as well as the faculty throughout the activity. The activity was very encouraging and turned out to be a successful event."
    },
    {
        "image": "app/images/Troika.jpeg",
        "H1": "TROIKA",
        "Sub": "TROIKA 2023",
        "Data": "Troika is the annual intercollegiate festival of Brihan Maharashtra College of Commerce. Every year students of the college organize events of diverse categories for students of their college and others. Troika 2023 had 18 events across the Literature, Entertainment, Performing Arts, Fine Arts, Sports and Biz n Tech category. This edition was the 13th edition of Troika based on the theme “Realms of Existence: Aqua|Ignis|Terra”. The theme conveys the importance of the three elements for existence on earth. Through its theme, Troika aims at achieving sustainability in respect of these elements of nature. Troika 2023 was definitely the much awaited full-scale comeback. With a team of 300+ organizers and 16 members of the faculty, Troika successfully carried out its events offline. All events took place on the campus on the 30th, 31st of January and 1st of February 2023. While preparing for the main days, the organizers also participated in the Public relation Activities and Social Activities which have been a tradition of Troika since the very beginning. In PR activities, organizers formed groups and traveled to various colleges to promote Troika. The organizers also practiced for dance,skit, carols and parades and also organized games for our Christmas PR which is one of the highlights of Troika every year. This year, the Christmas PR was held at The Pavillion Mall, SB road where our organizers showcased various performances with a christmas theme in mind. Some organizers also dressed up as Santa and distributed chocolates to the children in the mall.The Social Activity was organized on the main event days in association with SevaDeep. The organizers invited 15+ specially abled students from SevaDeep for a feast on campus after which they enjoyed the various performances that were displayed by the invited artists. The children were accompanied by the organizers and enjoyed their time with Troika. As a gift from Troika, the organizers distributed chocolates and stationery to the children.Coming to the main days of Troika 2023, the campus welcomed 3000+ participants from 80+ colleges. The festival was inaugurated by our Principal, Dr J.R. Lanjekar sir and our Vice Principal and Incharge(BBA), Mrs Bharati Upadhye mam, following which, the events had commenced. The campus witnessed food, clothes and promotion stalls on all the three days with a footfall of 15000+ people. The crowd enjoyed various music, art and dance performances by different artists invited by Troika. The crowd also took part in games such as tug of war organized by Troika organizers. The event was thus a huge success. The organizers, even with little experience in a completely offline Troika, achieved great heights in their overall performance and dedication towards the festival"
    },
    {
        "image": "app/images/emerge.jpg",
        "H1": "EMERGE",
        "Sub": "EMERGE 2022-23",
        "Data": "This report aims to provide an overview of EMERGE 2022-23, an event organized by the SY BBA(CA) students for the FY's in BMCC College. The event was organized for 2 days on 23rd August and 24th of August, and had a total participation of 250+ participants. The report covers the event's objective, organizing committee, events held, participant's response, and the financial aspect. EMERGE 2022-23 aimed to provide a platform for the FY's to showcase their skills and talents through various events. The event aimed to promote teamwork, creativity, and innovation among the participants. The event was organized by the SY BBA(CA) students, with a core team of 12 students. The organizing team comprised of 54 members who worked tirelessly to make the event a success. EMERGE 2022-23 had five events, including IPL Auction, Treasure Hunt, Debate, Beg Borrow Steal, and Best Worst Pitch. All the events were designed to challenge the participants' skills and test their creativity. The IPL Auction was an exciting and thrilling event where the participants had to make a team with the most credit. The Treasure Hunt required participants to pass several tasks to find the treasure. The Best Worst Pitch was a unique event where participants had to present their worst idea to the judges. The Debate was another exciting event where participants debated on a given topic, and the judges picked the best debaters. The Beg Borrow Steal event required participants to beg or borrow items from others and submit all the items on the list to win the event. The participants were excited and enthusiastic about the event. The total participation for this event was 250+, which indicated that the event was successful in attracting the participants. The participants showed great teamwork, creativity, and innovation during the events. The event was organized in a very minimal amount, and the entire amount was provided by the college. The organizers printed t-shirts for themselves with the logo of the Emerge on it by their own money. There was no registration fee for the participants. Respected Vinaya Hasamnis Ma’am, Head of Department(BBA-CA), provided great support in organising the event."
    }
]