[
  {
    "image": "app/images/Lanjekar.webp",
    "name": "Dr. J. R. Lanjekar",
    "degree": "M.Com, M.Phil, Ph.D, MBA",
    "designation": "Officiating Prinicpal",
    "email": "jagdish.lanjekar@despune.org"
  },
  {
    "image": "app/images/Puranik.png",
    "name": "Dr. A. M.Puranik",
    "degree": "M.Com, PGDBM, LLB, SET, Ph.D",
    "designation": "vice-principal",
    "email": "ashishpuranik.bmcc@despune.org"
  },
  {
    "image": "app/images/Deshpande.jpg",
    "name": "Dr. Smt V. H. Deshpande",
    "degree": "M.Com, SET, Ph.D",
    "designation": "Coordinator I.Q.A.C. BMS",
    "email": "varshadeshpande.bmcc@despune.org"
  },
  {
    "image": "app/images/Powdel.jpg",
    "name": "Dr. D. U. Powdel",
    "degree": "M.A, NET, Ph.D",
    "designation": ".",
    "email": "."
  },
  {
    "image": "app/images/Gokhale.jpg",
    "name": "Dr. Smt R. D. Gokhale",
    "degree": "M.Com, M.Phil, Ph.D, B.Ed",
    "designation": ".",
    "Email": "rdgokhale@bmcc.ac.in"
  },
  {
    "image": "app/images/manjushamam.jpg",
    "name": "Mrs.Manjusha Wadekar",
    "program": "BBA CA"
  },
  {
    "image": "app/images/Sathe.jpg",
    "name": "Dr. P. V. Sathe",
    "degree": "M.Com, M.Phil, Ph.D, SET",
    "designation": ".",
    "email": "."
  },
  {
    "image": "app/images/Mahajan.jpg",
    "name": "Dr. Y. P. Mahajan",
    "degree": "M.Com, MMS, NET, Ph.D",
    "designation": ".",
    "email": "."
  },
  {
    "image": "app/images/Rajguru.jpg",
    "name": "Dr.Mrs. P. R. Rajguru",
    "degree": "M.Com, M.Phil, SET",
    "designation": ".",
    "email": ""
  },
  {
    "image": "app/images/Nirmale.jpg",
    "name": "Dr. Smt. S. H. Nirmale",
    "degree": "M.A, Ph.D",
    "designation": ".",
    "email": ""
  },
  {
    "image": "app/images/bagwan.jpg",
    "name": "Dr. A. S. Bagwan",
    "degree": "B.Com, M.Com,, M.Phil, NET(JRF), Ph.D.",
    "designation": ".",
    "email": ""
  },
  {
    "image": "app/images/mvgokhale.jpg",
    "name": "Dr. M. V. Gokhale",
    "degree": "M.Com, NET",
    "designation": ".",
    "email": "."
  },
  {
    "image": "app/images/vpbrahmankar.jpg",
    "name": "Prof. V. P. Brahmankar",
    "degree": "M.Com, ACA, AICWA, ACS",
    "designation": ".",
    "email": "."
  },
  {
    "image": "app/images/Patwardhan.jpg",
    "name": "CA Smruti Patwardhan",
    "degree": "M.Com., CA, NET, Ph.D.(Pursuing)",
    "designation": ".",
    "email": "."
  },
  {
    "image": "app/images/neetikamaa.png",
    "name": "Ms. Neetika Sharma",
    "degree": "M.Com., B.Ed., PGDBA, NET, Ph.D.(Pursuing)",
    "designation": ".",
    "email": "."
  },
  {
    "image": "app/images/vidushitiwari.png",
    "name": "Ms. Vidushi Tiwari",
    "degree": "B.Com., M.Sc.(Eco), PGDBF, SET,Ph.D.(Pursuing)",
    "designation": ".",
    "email": ""
  },
  {
    "image": "app/images/manalichavan.png",
    "name": "Ms. Manali Chavan",
    "degree": "M.Com., SET, NET",
    "designation": ".",
    "email": "."
  },
  {
    "image": "app/images/vijaydarekar.png",
    "name": "Mr. Vijay Darekar",
    "degree": "M.A.(Eng.), SET",
    "designation": ".",
    "email": ""
  },
  {
    "image": "app/images/Watave.jpg",
    "name": "Dr. Medhavinee Narendra Watve",
    "degree": "Ph.D, M.A, NET",
    "designation": "",
    "email": ""
  },
  {
    "image": "app/images/Danekar.jpg",
    "name": "Dr. Bhakti Vardhan Dandekar",
    "degree": "Ph.D., M.Com, SET",
    "designation": ".",
    "email": ""
  },
  {
    "image": "app/images/Gujrati.jpg",
    "name": "Dr. Ranjana Akshat Singh Gujrati",
    "degree": "M.Com, Ph.D, NET-Com&HRM",
    "designation": "",
    "email": ""
  },
  {
    "image": "app/images/Hajare.jpg",
    "name": "Mr. Balkrishna Hajare",
    "degree": "M.A, M.Com, MMS, SET-Com & Eco",
    "designation": ".",
    "email": "."
  },
  {
    "image": "app/images/Birajdar.jpg",
    "name": "Mr. Balaji birjdhar",
    "degree": "M.Com, SET, ACCA, C.A.",
    "designation": ".",
    "email": "."
  },
  {
    "image": "app/images/Pote.jpg",
    "name": "Ms. Renu Rajendra Pote",
    "degree": "B.Com, LL.B, LL.M, SET",
    "designation": ".",
    "email": "."
  },
  {
    "image": "app/images/Jog.jpg",
    "name": "Mrs.Amruta Jog",
    "program": "BBA CA"
  },
  {
    "image": "app/images/Upadhye.jpg",
    "name": "Mrs.Bharti Upadhye",
    "program": "BBA."
  },
  {
    "image": "app/images/vinaya.jpg",
    "name": "Mrs.Vinaya Hasamnis",
    "program": "BBA CA"
  },
  {
    "image": "app/images/Apte.png",
    "name": "Ms.Sonal Apte",
    "program": "BBA."
  },
  {
    "image": "app/images/Shilpi.jpg",
    "name": "Mrs.Shilpi Lokre",
    "program": "BCOM"
  },
  {
    "image": "app/images/aditi.jpg",
    "name": "Ms.Aditi Samir",
    "program": "BBA IB"
  },
  {
    "image": "app/images/bhagyashree.jpg",
    "name": "Mrs.Bageshree Deo",
    "program": "BBA CA"
  },
  {
    "image": "app/images/seema.jpg",
    "name": "Mrs.Seema Nair",
    "program": "BCOM"
  },
  {
    "image": "app/images/shruti.png",
    "name": "Ms.Shruti Tekawade",
    "program": "BCOM"
  },
  {
    "image": "app/images/Bhattacharyya.jpg",
    "name": "Mrs.Sumedha Bhattacharya",
    "program": "BBA."
  },
  {
    "image": "app/images/shubhendu.jpg",
    "name": "Mr.Shubhendu Pandit",
    "program": "BBA IB"
  },
  {
    "image": "app/images/Tarkunde.jpg",
    "name": "Mrs.Veena Tarkunde",
    "program": "BBA IB"
  },
  {
    "image": "app/images/Achary.jpg",
    "name": "Mrs.Jayeshree Achary",
    "program": "BCOM"
  },
  {
    "image": "app/images/Menon.jpg",
    "name": "Mrs.Varsha Menon",
    "program": "BBA CA"
  },
  {
    "image": "app/images/Upadhyay.jpg",
    "name": "Mrs.Vandana Upadhyay",
    "program": "BBA IB"
  },
  {
    "image": "app/images/Mrugakshi.jpg",
    "name": "Mrs.Mrugakshi",
    "program": "BBA."
  }
]