[
  {
    "SrNo.":"1",
    "Studentname": "Abhishek Param Shrivastav",
    "Gender": "Male",
    "Mobile": "9865478887",
    "Dateofbirth": "2/8/2004",
    "IdproofNo": "PCR2003004",
    "Stream": "Commerce",
    "10thmarks": "90%",
    "12thmarks": "89%",
    "EntranceTestmarks": "75/100",
    "City": "pune",
    "state": "Maharashtra"
  },
  {
    "SrNo.":"2",
    "Studentname": "Abhishek Shashikant Patil",
    "Gender": "Male",
    "Mobile": "9868578887",
    "Dateofbirth": "7/9/2004",
    "IdproofNo": "RTR2983004",
    "Stream": "Commerce",
    "10thmarks": "94%",
    "12thmarks": "75%",
    "EntranceTestmarks": "59/100",
    "City": "Nashik",
    "state": "Maharashtra"
  },
  {
    "SrNo.":"3",
    "Studentname": "Aditi Ramesh Amrutkar",
    "Gender": "Female",
    "Mobile": "7268578887",
    "Dateofbirth": "1/2/2004",
    "IdproofNo": "OJM2984004",
    "Stream": "Science",
    "10thmarks": "80%",
    "12thmarks": "95%",
    "EntranceTestmarks": "78/100",
    "City": "Jalgoan",
    "state": "Maharashtra"
  },
  {
    "SrNo.":"4",
    "Studentname": "Aditya Devidas Pingale",
    "Gender": "Male",
    "Mobile": "9868988887",
    "Dateofbirth": "1/1/2004",
    "IdproofNo": "KDF6543004",
    "Stream": "Commerce",
    "10thmarks": "56%",
    "12thmarks": "65%",
    "EntranceTestmarks": "85/100",
    "City": "Pune",
    "state": "Maharashtra"
  },
  { 
    "SrNo.":"5",
    "Studentname": "Aditya ramkant kakade",
    "Gender": "Male",
    "Mobile": "9868578898",
    "Dateofbirth": "6/2/2004",
    "IdproofNo": "SVS2983004",
    "Stream": "Commerce",
    "10thmarks": "72%",
    "12thmarks": "55%",
    "EntranceTestmarks": "55/100",
    "City": "Pune",
    "state": "Maharashtra"
  },
  { 
    "SrNo.":"6",
    "Studentname": "Aarya Ravi Patil",
    "Gender": "Male",
    "Mobile": "9868578888",
    "Dateofbirth": "8/5/2004",
    "IdproofNo": "ONS2985504",
    "Stream": "Commerce",
    "10thmarks": "74%",
    "12thmarks": "65%",
    "EntranceTestmarks": "59/100",
    "City": "Nashik",
    "state": "Maharashtra"
  },
  { 
    "SrNo.":"7",
    "Studentname": "Atharva Deshapande",
    "Gender": "Male",
    "Mobile": "9868578987",
    "Dateofbirth": "4/5/2004",
    "IdproofNo": "TSM4443004",
    "Stream": "Commerce",
    "10thmarks": "72%",
    "12thmarks": "45%",
    "EntranceTestmarks": "89/100",
    "City": "Dhule",
    "state": "Maharashtra"
  },
  { 
    "SrNo.":"8",
    "Studentname": "Atharv Dhebe",
    "Gender": "Male",
    "Mobile": "7238578898",
    "Dateofbirth": "1/1/2004",
    "IdproofNo": "OLK2983004",
    "Stream": "Science",
    "10thmarks": "74%",
    "12thmarks": "85%",
    "EntranceTestmarks": "44/100",
    "City": "Shrinagar",
    "state": "Jamu & Kashmir"
  },
  { 
    "SrNo.":"9",
    "Studentname": "Ayush ramesh patil",
    "Gender": "Male",
    "Mobile": "9865743888",
    "Dateofbirth": "5/5/2004",
    "IdproofNo": "VNB8883004",
    "Stream": "Science",
    "10thmarks": "68%",
    "12thmarks": "46%",
    "EntranceTestmarks": "22/100",
    "City": "Nagpur",
    "state": "Maharashtra"
  },
  { 
    "SrNo.":"10",
    "Studentname": "Aabhas Viarendra Gaikwad",
    "Gender": "Male",
    "Mobile": "9868654898",
    "Dateofbirth": "5/5/2004",
    "IdproofNo": "ZCX2546504",
    "Stream": "Commerce",
    "10thmarks": "62%",
    "12thmarks": "46%",
    "EntranceTestmarks": "48/100",
    "City": "Wardha",
    "state": "Maharashtra"
  },
  { 
    "SrNo.":"11",
    "Studentname": "Bina Kailas Shirore    ",
    "Gender": "Female",
    "Mobile": "7465896558",
    "Dateofbirth": "29/5/2004",
    "IdproofNo": "XXX2984004",
    "Stream": "Commerce",
    "10thmarks": "84%",
    "12thmarks": "22%",
    "EntranceTestmarks": "29/100",
    "City": "Solapur",
    "state": "Maharashtra"
  },
  { 
    "SrNo.":"12",
    "Studentname": "Biru Karan Vispute",
    "Gender": "Male",
    "Mobile": "9868578564",
    "Dateofbirth": "8/9/2004",
    "IdproofNo": "BIE2983004",
    "Stream": "Science",
    "10thmarks": "82%",
    "12thmarks": "25%",
    "EntranceTestmarks": "65/100",
    "City": "Ahmednagar",
    "state": "Maharashtra"
  },
  {
    "SrNo.":"13",
    "Studentname": "Ganga Rushikesh Pawar",
    "Gender": "Female",
    "Mobile": "9868578987",
    "Dateofbirth": "6/1/2004",
    "IdproofNo": "QWX2983004",
    "Stream": "Commerce",
    "10thmarks": "42%",
    "12thmarks": "46%",
    "EntranceTestmarks": "75/100",
    "City": "Jabalpur",
    "state": "Madhyapradesh"
  },
  {
    "SrNo.":"14",
    "Studentname": "Gaurav Jitesh Kalawadiya",
    "Gender": "Male",
    "Mobile": "7658964444",
    "Dateofbirth": "12/12/2004",
    "IdproofNo": "NHG2983994",
    "Stream": "Science",
    "10thmarks": "62%",
    "12thmarks": "65%",
    "EntranceTestmarks": "54/100",
    "City": "Nashik",
    "state": "Maharashtra"
  },
  {
    "SrNo.":"15",
    "Studentname": "Gokul Ramakant Kapadnis    ",
    "Gender": "Male",
    "Mobile": "9868566698",
    "Dateofbirth": "29/2/2004",
    "IdproofNo": "SSS9983004",
    "Stream": "Science",
    "10thmarks": "85%",
    "12thmarks": "88%",
    "EntranceTestmarks": "66/100",
    "City": "Leh",
    "state": "Jammu & Kashmir"
  },
  {
    "SrNo.":"16",
    "Studentname": "Jagurati Ganesh Borasate",
    "Gender": "Female",
    "Mobile": "76541239D87",
    "Dateofbirth": "12/8/2004",
    "IdproofNo": "WWW2983004",
    "Stream": "Science",
    "10thmarks": "39%",
    "12thmarks": "36%",
    "EntranceTestmarks": "61/100",
    "City": "Jalgoan",
    "state": "Maharashtra"
  },
  {
    "SrNo.":"17",
    "Studentname": "John Davidas Sins",
    "Gender": "Male",
    "Mobile": "9868565412",
    "Dateofbirth": "6/11/2004",
    "IdproofNo": "DDD2983004",
    "Stream": "Commerce",
    "10thmarks": "89%",
    "12thmarks": "88%",
    "EntranceTestmarks": "96/100",
    "City": "Shirur",
    "state": "Maharashtra"
  },
  {
    "SrNo.":"18",
    "Studentname": "Kagindra Surykant Tibekar    ",
    "Gender": "Male",
    "Mobile": "7248904065",
    "Dateofbirth": "4/7/2004",
    "IdproofNo": "UUU02983004",
    "Stream": "Commerce",
    "10thmarks": "95%",
    "12thmarks": "87%",
    "EntranceTestmarks": "78/100",
    "City": "Nashik",
    "state": "Maharashtra"
  },
  {
    "SrNo.":"19",
    "Studentname": "Krishna Rohit Rajput    ",
    "Gender": "Male",
    "Mobile": "8568578898",
    "Dateofbirth": "3/8/2004",
    "IdproofNo": "LLL2983004",
    "Stream": "Science",
    "10thmarks": "89%",
    "12thmarks": "49%",
    "EntranceTestmarks": "90/100",
    "City": "Pune",
    "state": "Maharashtra"
  },
  {
    "SrNo.":"20",
    "Studentname": "Kundan Karan Kurule",
    "Gender": "Male",
    "Mobile": "8268578898",
    "Dateofbirth": "12/6/2004",
    "IdproofNo": "MMM8983004",
    "Stream": "Commerce",
    "10thmarks": "95%",
    "12thmarks": "65%",
    "EntranceTestmarks": "33/100",
    "City": "Nashik",
    "state": "Maharashtra"
  },
  {
    "SrNo.":"21",
    "Studentname": "Lakash Sachin Picha",
    "Gender": "Male",
    "Mobile": "8268578898",
    "Dateofbirth": "9/6/2004",
    "IdproofNo": "VVV2983004",
    "Stream": "Commerce",
    "10thmarks": "98%",
    "12thmarks": "40%",
    "EntranceTestmarks": "65/100",
    "City": "Pune",
    "state": "Maharashtra"
  },
  {
    "SrNo.":"22",
    "Studentname": "Lakhan Haridas Plahal",
    "Gender": "Male",
    "Mobile": "+91 12345 67890",
    "Dateofbirth": "12/5/2004",
    "IdproofNo": "AAB123456",
    "Stream": "Science",
    "10thmarks": "92%",
    "12thmarks": "92%",
    "EntranceTestmarks": "85/100",
    "City": "Mumbai",
    "state": "Maharashtra"
  },
  {
    "SrNo.":"23",
    "Studentname": "Lalu Ramu Patil",
    "Gender": "Male",
    "Mobile": "+91 23456 78901",
    "Dateofbirth": "12/6/2003",
    "IdproofNo": "XYZ987654",
    "Stream": "Commerce",
    "10thmarks": "90%",
    "12thmarks": "88%",
    "EntranceTestmarks": "79/100",
    "City": "Delhi",
    "state": "Delhi"
  },
  {
    "SrNo.":"24",
    "Studentname": "Mamta Mahesh Dalle",
    "Gender": "Female",
    "Mobile": "+91 34567 89012",
    "Dateofbirth": "13/8/2004",
    "IdproofNo": "BCD234567",
    "Stream": "Arts",
    "10thmarks": "72%",
    "12thmarks": "78%",
    "EntranceTestmarks": "75/100",
    "City": "Pune",
    "state": "Maharashtra"
  },
  {
    "SrNo.":"25",
    "Studentname": "Mansi Rajendra patil    ",
    "Gender": "Female",
    "Mobile": "+91 45678 90123",
    "Dateofbirth": "8/6/2004",
    "IdproofNo": "CDE345678",
    "Stream": "Science",
    "10thmarks": "80%",
    "12thmarks": "90%",
    "EntranceTestmarks": "87/100",
    "City": "Bangalore",
    "state": "Karnataka"
  },
  {
    "SrNo.":"26",
    "Studentname": "Ojas Promod Bhandari    ",
    "Gender": "Male",
    "Mobile": "+91 56789 01234",
    "Dateofbirth": "05/9/2003",
    "IdproofNo": "DEF456789",
    "Stream": "Commerce",
    "10thmarks": "75%",
    "12thmarks": "85%",
    "EntranceTestmarks": "80/100",
    "City": "Mumbai",
    "state": "Maharashtra"
  },
  {
    "SrNo.":"27",
    "Studentname": "Onkar Ravindra Singh    ",
    "Gender": "Male",
    "Mobile": "+91 67890 12345",
    "Dateofbirth": "5/6/2003",
    "IdproofNo": "EFG567890",
    "Stream": "Arts",
    "10thmarks": "72%",
    "12thmarks": "75%",
    "EntranceTestmarks": "70/100",
    "City": "Delhi",
    "state": "Delhi"
  },
  {
    "SrNo.":"28",
    "Studentname": "Piyush Deepak gandhi    ",
    "Gender": "Male",
    "Mobile": "+91 78901 23456",
    "Dateofbirth": "8/9/2003",
    "IdproofNo": "FGH678901",
    "Stream": "Science",
    "10thmarks": "80%",
    "12thmarks": "91%",
    "EntranceTestmarks": "88/100",
    "City": "Mumbai",
    "state": "Maharashtra"
  },
  {
    "SrNo.":"29",
    "Studentname": "Prashant Durgesh Wagh",
    "Gender": "Male",
    "Mobile": "+91 89012 34567",
    "Dateofbirth": "12/9/2004",
    "IdproofNo": "GHI789012",
    "Stream": "Commerce",
    "10thmarks": "75%",
    "12thmarks": "89%",
    "EntranceTestmarks": "83/100",
    "City": "Delhi",
    "state": "Delhi"
  },
  {
    "SrNo.":"30",
    "Studentname": "Prathemesh Jitendra Shirore    ",
    "Gender": "Male",
    "Mobile": "+91 90123 45678",
    "Dateofbirth": "25/9/2000",
    "IdproofNo": "HIJ890123",
    "Stream": "Arts",
    "10thmarks": "72%",
    "12thmarks": "82%",
    "EntranceTestmarks": "76/100",
    "City": "Pune",
    "state": "Maharashtra"
  },
  {
    "SrNo.":"31",
    "Studentname": "Purva Dipak chavan ",
    "Gender": "Female",
    "Mobile": "+91 01234 56789",
    "Dateofbirth": "5/9/2003",
    "CasteCategory": "OBC",
    "IdproofNo": "IJK901234",
    "Stream": "Science",
    "10thmarks": "70%",
    "12thmarks": "94%",
    "EntranceTestmarks": "89/100",
    "City": "Mumbai",
    "state": "Maharashtra"
  },
  {
    "SrNo.":"32",
    "Studentname": "Radhika Ramesh Pawar    ",
    "Gender": "Female",
    "Mobile": "+91 98765 43210",
    "Dateofbirth": "9/7/2004",
    "IdproofNo": "JKL012345",
    "Stream": "Commerce",
    "10thmarks": "90%",
    "12thmarks": "90%",
    "EntranceTestmarks": "81/100",
    "City": "Delhi",
    "state": "Delhi"
  },
  {
    "SrNo.":"33",
    "Studentname": "Riha Prakash Darekar    ",
    "Gender": "Female",
    "Mobile": "+91 87654 32109",
    "Dateofbirth": "4/9/2002",
    "IdproofNo": "KLM123456",
    "Stream": "Arts",
    "10thmarks": "70%",
    "12thmarks": "79%",
    "EntranceTestmarks": "74/100",
    "City": "Pune",
    "state": "Maharashtra"
  },
  {
    "SrNo.":"34",
    "Studentname": "Riddhi Mahesh Dahtigan    ",
    "Gender": "Female",
    "Mobile": "+91 76543 21098",
    "Dateofbirth": "5/9/2003",
    "IdproofNo": "LMN234567",
    "Stream": "Science",
    "10thmarks": "89%",
    "12thmarks": "90%",
    "EntranceTestmarks": "87/100",
    "City": "Mumbai",
    "state": "Maharashtra"
  },
  {
    "SrNo.":"35",
    "Studentname": "Roshan Vijay Dhonkude    ",
    "Gender": "Male",
    "Mobile": "+91 65432 10987",
    "Dateofbirth": "12/6/2004",
    "IdproofNo": "MNO345678",
    "Stream": "Commerce",
    "10thmarks": "80%",
    "12thmarks": "88%",
    "EntranceTestmarks": "80/100",
    "City": "Delhi",
    "state": "Delhi"
  },
  {
    "SrNo.":"36",
    "Studentname": "Rushikesh Sanjay Malpure    ",
    "Gender": "Male",
    "Mobile": "+91 54321 09876",
    "Dateofbirth": "6/9/2003",
    "IdproofNo": "NOP456789",
    "Stream": "Arts",
    "10thmarks": "80%",
    "12thmarks": "75%",
    "EntranceTestmarks": "71/100",
    "City": "Pune",
    "state": "Maharashtra"
  },
  {
    "SrNo.":"37",
    "Studentname": "Sachin Prakash Sonwane",
    "Gender": "Male",
    "Mobile": "+91 43210 98765",
    "Dateofbirth": "4/9/2004",
    "IdproofNo": "OPQ567890",
    "Stream": "Science",
    "10thmarks": "80%",
    "12thmarks": "69%",
    "EntranceTestmarks": "88/100",
    "City": "Mumbai",
    "state": "Maharashtra"
  },
  {
    "SrNo.":"38",
    "Studentname": "Sammer Navnath Benke    ",
    "Gender": "Female",
    "Mobile": "+91 32109 87654",
    "Dateofbirth": "13/8/2003",
    "IdproofNo": "PQR678901",
    "Stream": "Commerce",
    "10thmarks": "76%",
    "12thmarks": "89%",
    "EntranceTestmarks": "84/100",
    "City": "Delhi",
    "state": "Delhi"
  },
  {
    "SrNo.":"39",
    "Studentname": "Saubag Nitin Rajput    ",
    "Gender": "Male",
    "Mobile": "+91 21098 76543",
    "Dateofbirth": "12/9/2005",
    "IdproofNo": "QRS789012",
    "Stream": "Arts",
    "10thmarks": "96%",
    "12thmarks": "81%",
    "EntranceTestmarks": "75/100",
    "City": "Pune",
    "state": "Maharashtra"
  },
  {
    "SrNo.":"40",
    "Studentname": "Shriram Navnath Netake    ",
    "Gender": "Female",
    "Mobile": "+91 10987 65432",
    "Dateofbirth": "12/9/2001",
    "IdproofNo": "RST890123",
    "Stream": "Science",
    "10thmarks": "80%",
    "12thmarks": "94%",
    "EntranceTestmarks": "89/100",
    "City": "Mumbai",
    "state": "Maharashtra"
  },
  {
    "SrNo.":"41",
    "Studentname": "Shreya Ram Ghale    ",
    "Gender": "Female",
    "Mobile": "9865475287",
    "Dateofbirth": "2/8/2004",
    "IdproofNo": " QWE2003114",
    "Stream": "Commerce",
    "10thmarks": "40%",
    "12thmarks": "49%",
    "EntranceTestmarks": "45/100",
    "City": "pune",
    "state": "Maharashtra"
  },
  {
    "SrNo.":"42",
    "Studentname": "Shubham chandrakant jadhav    ",
    "Gender": "Male",
    "Mobile": "9868512387",
    "Dateofbirth": "12/10/2004",
    "IdproofNo": "POI9983004",
    "Stream": "Commerce",
    "10thmarks": "90%",
    "12thmarks": "78%",
    "EntranceTestmarks": "22/100",
    "City": "Nashik",
    "state": "Maharashtra"
  },
  {
    "SrNo.":"43",
    "Studentname": "Siddhi Haridas Kankariya ",
    "Gender": "Male",
    "Mobile": "9468578887",
    "Dateofbirth": "1/2/2003",
    "IdproofNo": "POU2984004",
    "Stream": "Science",
    "10thmarks": "44%",
    "12thmarks": "62%",
    "EntranceTestmarks": "45/100",
    "City": "Jalgoan",
    "state": "Maharashtra"
  },
  {
    "SrNo.":"44",
    "Studentname": "Soham Sunin Shelke    ",
    "Gender": "Female",
    "Mobile": "8548988887",
    "Dateofbirth": "2/1/2004",
    "IdproofNo": "NJI5543004",
    "Stream": "Commerce",
    "10thmarks": "65",
    "12thmarks": "45%",
    "EntranceTestmarks": "35/100",
    "City": "Pune",
    "state": "Maharashtra"
  },
  {
    "SrNo.":"45",
    "Studentname": "Sruti vishnu Patil    ",
    "Gender": "Male",
    "Mobile": "9868758898",
    "Dateofbirth": "3/10/2001",
    "IdproofNo": "SDF95283004",
    "Stream": "Commerce",
    "10thmarks": "42%",
    "12thmarks": "85%",
    "EntranceTestmarks": "54/100",
    "City": "Pune",
    "state": "Maharashtra"
  },
  {
    "SrNo.":"46",
    "Studentname": "Sushmita Rakesh padekar    ",
    "Gender": "Male",
    "Mobile": "9868888888",
    "Dateofbirth": "4/5/2004",
    "IdproofNo": "ERT6585504",
    "Stream": "Commerce",
    "10thmarks": "44%",
    "12thmarks": "55%",
    "EntranceTestmarks": "49/100",
    "City": "Nashik",
    "state": "Maharashtra"
  },
  {
    "SrNo.":"47",
    "Studentname": "Suraj Yuraj Ajabe    ",
    "Gender": "Male",
    "Mobile": "9868587987",
    "Dateofbirth": "12/12/2006",
    "IdproofNo": "3YHB4443004",
    "Stream": "Commerce",
    "10thmarks": "72%",
    "12thmarks": "45%",
    "EntranceTestmarks": "89/100",
    "City": "Dhule",
    "state": "Maharashtra"
  },
  {
    "SrNo.":"48",
    "Studentname": "Swapnil Dipak Chavan  ",
    "Gender": "Male",
    "Mobile": "7538578898",
    "Dateofbirth": "11/1/2003",
    "IdproofNo": "MNB2984004",
    "Stream": "Science",
    "10thmarks": "74%",
    "12thmarks": "85%",
    "EntranceTestmarks": "44/100",
    "City": "Shrinagar",
    "state": "Jamu & Kashmir"
  },
  {
    "SrNo.":"49",
    "Studentname": "Swagat Om Amrutkar    ",
    "Gender": "Male",
    "Mobile": "9568743888",
    "Dateofbirth": "5/7/2004",
    "IdproofNo": "FDF4483004",
    "Stream": "Science",
    "10thmarks": "68%",
    "12thmarks": "46%",
    "EntranceTestmarks": "22/100",
    "City": "Nagpur",
    "state": "Maharashtra"
  },
  {
    "SrNo.":"50",
    "Studentname": "Sara Sammer Kolke",
    "Gender": "Female",
    "Mobile": "9868654759",
    "Dateofbirth": "5/5/2000",
    "IdproofNo": "BHG2646504",
    "Stream": "Commerce",
    "10thmarks": "49%",
    "12thmarks": "86%",
    "EntranceTestmarks": "84/100",
    "City": "Wardha",
    "state": "Maharashtra"
  },
  {
    "SrNo.":"51",
    "Studentname": "Samartha Rajesh Patil",
    "Gender": "Male",
    "Mobile": "7465896888",
    "Dateofbirth": "6/12/2003",
    "IdproofNo": "MBV2984004",
    "Stream": "Commerce",
    "10thmarks": "84%",
    "12thmarks": "22%",
    "EntranceTestmarks": "29/100",
    "City": "Solapur",
    "state": "Maharashtra"
  },
  {
    "SrNo.":"52",
    "Studentname": "Suresh Balu Wadekar",
    "Gender": "Male",
    "Mobile": "9866578564",
    "Dateofbirth": "18/9/2004",
    "IdproofNo": "BBB2983004",
    "Stream": "Science",
    "10thmarks": "82%",
    "12thmarks": "25%",
    "EntranceTestmarks": "65/100",
    "City": "Ahmednagar",
    "state": "Maharashtra"
  },
  {
    "SrNo.":"53",
    "Studentname": "Surendra Jasmit Sing",
    "Gender": "Male",
    "Mobile": "8968578987",
    "Dateofbirth": "27/1/2004",
    "IdproofNo": "LKJ2983004",
    "Stream": "Commerce",
    "10thmarks": "98%",
    "12thmarks": "47%",
    "EntranceTestmarks": "75/100",
    "City": "Jabalpur",
    "state": "Madhyapradesh"
  },
  {
    "SrNo.":"54",
    "Studentname": "Sushila Ramkant Kapadnis",
    "Gender": "Female",
    "Mobile": "7658968888",
    "Dateofbirth": "2/2/2003",
    "IdproofNo": "BVC2983994",
    "Stream": "Science",
    "10thmarks": "36%",
    "12thmarks": "49%",
    "EntranceTestmarks": "65/100",
    "City": "Nashik",
    "state": "Maharashtra"
  },
  {
    "SrNo.":"55",
    "Studentname": "Sachin Prakash Sonwane",
    "Gender": "Male",
    "Mobile": "9868546598",
    "Dateofbirth": "9/12/2005",
    "IdproofNo": "POM5543004",
    "Stream": "Science",
    "10thmarks": "81%",
    "12thmarks": "83%",
    "EntranceTestmarks": "66/100",
    "City": "Leh",
    "state": "Jamu & Kashmir"
  },
  {
    "SrNo.":"56",
    "Studentname": "Saubag Nitin Rajput",
    "Gender": "Male",
    "Mobile": "7654321987",
    "Dateofbirth": "22/6/2004",
    "IdproofNo": "TON2583004",
    "Stream": "Science",
    "10thmarks": "49%",
    "12thmarks": "86%",
    "EntranceTestmarks": "61/100",
    "City": "Jalgoan",
    "state": "Maharashtra"
  },
  {
    "SrNo.":"57",
    "Studentname": "Simon Miomon Peru",
    "Gender": "Female",
    "Mobile": "9868565456",
    "Dateofbirth": "12/11/2004",
    "IdproofNo": "MSD2983004",
    "Stream": "Commerce",
    "10thmarks": "89%",
    "12thmarks": "38%",
    "EntranceTestmarks": "96/100",
    "City": "Shirur",
    "state": "Maharashtra"
  },
  {
    "SrNo.":"58",
    "Studentname": "Tanmay Sameer Malpura",
    "Gender": "Male",
    "Mobile": "7248907065",
    "Dateofbirth": "14/7/2004",
    "IdproofNo": "HGH02983004",
    "Stream": "Commerce",
    "10thmarks": "95%",
    "12thmarks": "87%",
    "EntranceTestmarks": "78/100",
    "City": "Nashik",
    "state": "Maharashtra"
  },
  {
    "SrNo.":"59",
    "Studentname": "Trisha Suresh Khairnar",
    "Gender": "Female",
    "Mobile": "85686988898",
    "Dateofbirth": "3/8/2004",
    "IdproofNo": "PLM2389004",
    "Stream": "Science",
    "10thmarks": "89%",
    "12thmarks": "49%",
    "EntranceTestmarks": "90/100",
    "City": "Pune",
    "state": "Maharashtra"
  },
  {
    "SrNo.":"60",
    "Studentname": "Tina Vikrant Walwarkar",
    "Gender": "Female",
    "Mobile": "8268598798",
    "Dateofbirth": "4/12/2004",
    "IdproofNo": "PPP7983004",
    "Stream": "Commerce",
    "10thmarks": "35%",
    "12thmarks": "45%",
    "EntranceTestmarks": "33/100",
    "City": "Nashik",
    "state": "Maharashtra"
  },
  {
    "SrNo.":"61",
    "Studentname": "Tanishka Shriram Patil",
    "Gender": "Female",
    "Mobile": "8268528798",
    "Dateofbirth": "7/12/2004",
    "IdproofNo": "QPL7983004",
    "Stream": "Science",
    "10thmarks": "37%",
    "12thmarks": "74%",
    "EntranceTestmarks": "33/100",
    "City": "Nashik",
    "state": "Maharashtra"
  },
  {
    "SrNo.":"62",
    "Studentname": "Tarun Sarvesh Patil ",
    "Gender": "Male",
    "Mobile": "9468578887",
    "Dateofbirth": "1/2/2003",
    "IdproofNo": "POU2984004",
    "Stream": "Science",
    "10thmarks": "44%",
    "12thmarks": "62%",
    "EntranceTestmarks": "45/100",
    "City": "Jalgoan",
    "state": "Maharashtra"
  },
  {
    "SrNo.":"63",
    "Studentname": "Tanika Viresh Sonam",
    "Gender": "Female",
    "Mobile": "8548988887",
    "Dateofbirth": "2/1/2004",
    "IdproofNo": "NJI5543004",
    "Stream": "Commerce",
    "10thmarks": "65",
    "12thmarks": "45%",
    "EntranceTestmarks": "35/100",
    "City": "Pune",
    "state": "Maharashtra"
  },
  {
    "SrNo.":"64",
    "Studentname": "Vaibhav Nandu Mahajan    ",
    "Gender": "Male",
    "Mobile": "9868758898",
    "Dateofbirth": "3/10/2001",
    "IdproofNo": "SDF95283004",
    "Stream": "Commerce",
    "10thmarks": "42%",
    "12thmarks": "85%",
    "EntranceTestmarks": "54/100",
    "City": "Pune",
    "state": "Maharashtra"
  },
  {
    "SrNo.":"65",
    "Studentname": "Vedangi MAngesh Thakur",
    "Gender": "Female",
    "Mobile": "9868888888",
    "Dateofbirth": "4/5/2004",
    "IdproofNo": "ERT6585504",
    "Stream": "Commerce",
    "10thmarks": "44%",
    "12thmarks": "55%",
    "EntranceTestmarks": "49/100",
    "City": "Nashik",
    "state": "Maharashtra"
  },
  {
    "SrNo.":"66",
    "Studentname": "Varun Shre Shetty   ",
    "Gender": "Male",
    "Mobile": "9868587987",
    "Dateofbirth": "12/12/2006",
    "IdproofNo": "3YHB4443004",
    "Stream": "Commerce",
    "10thmarks": "72%",
    "12thmarks": "45%",
    "EntranceTestmarks": "89/100",
    "City": "Dhule",
    "state": "Maharashtra"
  },
  {
    "SrNo.":"67",
    "Studentname": "Vaishnav Gopal Sharma ",
    "Gender": "Male",
    "Mobile": "7538578898",
    "Dateofbirth": "11/1/2003",
    "IdproofNo": "MNB2984004",
    "Stream": "Science",
    "10thmarks": "74%",
    "12thmarks": "85%",
    "EntranceTestmarks": "44/100",
    "City": "Shrinagar",
    "state": "Jamu & Kashmir"
  },
  {
    "SrNo.":"68",
    "Studentname": "Vaibhavi Jaiswal ",
    "Gender": "Female",
    "Mobile": "9568743888",
    "Dateofbirth": "5/7/2004",
    "IdproofNo": "FDF4483004",
    "Stream": "Science",
    "10thmarks": "68%",
    "12thmarks": "46%",
    "EntranceTestmarks": "22/100",
    "City": "Nagpur",
    "state": "Maharashtra"
  },
  {
    "SrNo.":"69",
    "Studentname": "Viru Knnade",
    "Gender": "Male",
    "Mobile": "9868654759",
    "Dateofbirth": "5/5/2000",
    "IdproofNo": "BHG2646504",
    "Stream": "Commerce",
    "10thmarks": "49%",
    "12thmarks": "86%",
    "EntranceTestmarks": "84/100",
    "City": "Wardha",
    "state": "Maharashtra"
  },
  {
    "SrNo.":"70",
    "Studentname": "Yogesh Sham Kayasta",
    "Gender": "Male",
    "Mobile": "7465896888",
    "Dateofbirth": "6/12/2003",
    "IdproofNo": "MBV2984004",
    "Stream": "Commerce",
    "10thmarks": "84%",
    "12thmarks": "22%",
    "EntranceTestmarks": "29/100",
    "City": "Solapur",
    "state": "Maharashtra"
  },
  {
    "SrNo.":"71",
    "Studentname": "Yeshwashi Naryan Parekh    ",
    "Gender": "Male",
    "Mobile": "9866578564",
    "Dateofbirth": "18/9/2004",
    "IdproofNo": "BBB2983004",
    "Stream": "Science",
    "10thmarks": "82%",
    "12thmarks": "25%",
    "EntranceTestmarks": "65/100",
    "City": "Ahmednagar",
    "state": "Maharashtra"
  },
  {
    "SrNo.":"72",
    "Studentname": "Yohan Ramesh Dharamadhakri",
    "Gender": "Male",
    "Mobile": "8968578987",
    "Dateofbirth": "27/1/2004",
    "IdproofNo": "LKJ2983004",
    "Stream": "Commerce",
    "10thmarks": "98%",
    "12thmarks": "47%",
    "EntranceTestmarks": "75/100",
    "City": "Jabalpur",
    "state": "Madhyapradesh"
  },
  {
    "SrNo.":"73",
    "Studentname": "Yashika Nathu Chavan",
    "Gender": "Female",
    "Mobile": "7658968888",
    "Dateofbirth": "2/2/2003",
    "IdproofNo": "BVC2983994",
    "Stream": "Science",
    "10thmarks": "36%",
    "12thmarks": "49%",
    "EntranceTestmarks": "65/100",
    "City": "Nashik",
    "state": "Maharashtra"
  },
  {
    "SrNo.":"74",
    "Studentname": "Yashraj Sanjay Pawar",
    "Gender": "Male",
    "Mobile": "9868546598",
    "Dateofbirth": "9/12/2005",
    "IdproofNo": "POM5543004",
    "Stream": "Science",
    "10thmarks": "81%",
    "12thmarks": "83%",
    "EntranceTestmarks": "66/100",
    "City": "Leh",
    "state": "Jammu & Kashmir"
  }
  
]